word,definition,difficulty
consider,deem to be,1
minute,infinitely or immeasurably small,1
accord,concurrence of opinion,1
evident,clearly revealed to the mind or the senses or judgment,1
practice,a customary way of operation or behavior,1
intend,have in mind as a purpose,1
concern,something that interests you because it is important,1
commit,"perform an act, usually with a negative connotation",1
issue,some situation or event that is thought about,1
approach,move towards,1
establish,set up or found,1
utter,without qualification,1
conduct,direct the course of; manage or control,1
engage,consume all of one's attention or time,1
obtain,come into possession of,1
scarce,deficient in quantity or number compared with the demand,1
policy,a plan of action adopted by an individual or social group,1
straight,"successive, without a break",1
stock,capital raised by a corporation through the issue of shares,1
apparent,clearly revealed to the mind or the senses or judgment,1
property,a basic or essential attribute shared by members of a class,1
fancy,imagine; conceive of; see in one's mind,1
concept,an abstract or general idea inferred from specific instances,1
court,an assembly to conduct judicial business,1
appoint,"assign a duty, responsibility, or obligation to",1
passage,"a section of text, particularly a section of medium length",1
vain,unproductive of success,1
reflect,show an image of,1
instance,an occurrence of something,1
coast,the shore of a sea or ocean,1
project,a planned undertaking,1
commission,a special group delegated to consider some matter,1
constant,a quantity that does not vary,1
constitute,compose or represent,1
circumstances,one's overall condition in life,1
level,a relative position or degree of value in a graded group,1
affect,have an influence upon,1
institute,set up or lay the groundwork for,1
render,give an interpretation of,1
appeal,be attractive to,1
generate,bring into existence,1
theory,a well-substantiated explanation of some aspect of the world,1
range,a variety of different things or activities,1
campaign,a race between candidates for elective office,1
league,an association of sports teams that organizes matches,1
labor,any piece of work that is undertaken or attempted,1
insist,be emphatic or resolute and refuse to budge,1
confer,have a meeting in order to talk something over,1
grant,allow to have,1
dwell,think moodily or anxiously about something,1
entertain,provide amusement for,1
contract,a binding agreement that is enforceable by law,1
earnest,"characterized by a firm, sincere belief in one's opinions",1
yield,give or supply,1
wander,move or cause to move in a sinuous or circular course,1
knight,a person of noble birth trained to arms and chivalry,1
convince,make realize the truth or validity of something,1
inspire,serve as the inciting cause of,1
convention,a large formal assembly,1
skill,an ability that has been acquired by training,1
harry,annoy continually or chronically,1
financial,involving fiscal matters,1
novel,an extended fictional work in prose,1
furnish,provide with objects or articles that make a room usable,1
compel,force somebody to do something,1
venture,proceed somewhere despite the risk of possible dangers,1
territory,the geographical area under the jurisdiction of a state,1
temper,a characteristic state of feeling,1
bent,fixed in your purpose,1
tour,a route all the way around a particular place or area,1
intimate,"marked by close acquaintance, association, or familiarity",1
undertake,enter upon an activity or enterprise,1
majority,more than half of the votes in an election,1
assert,declare or affirm solemnly and formally as true,1
liberal,having political views favoring reform and progress,1
crew,the people who work on a vehicle,1
chamber,a natural or artificial enclosed space,1
humble,marked by meekness or modesty; not arrogant or prideful,1
scheme,an elaborate and systematic plan of action,1
keen,demonstrating ability to recognize or draw fine distinctions,1
despair,a state in which all hope is lost or absent,1
tide,the periodic rise and fall of the sea level,1
attitude,a complex mental state involving beliefs and feelings,1
justify,show to be reasonable or provide adequate ground for,1
flag,a rectangular piece of cloth of distinctive design,1
merit,any admirable or beneficial attribute,1
manifest,reveal its presence or make an appearance,1
notion,a general inclusive concept,1
scale,relative magnitude,1
formal,characteristic of or befitting a person in authority,1
resource,a new or reserve supply that can be drawn upon when needed,1
persist,continue to exist,1
contempt,lack of respect accompanied by a feeling of intense dislike,1
plead,enter a defendant's answer,1
weigh,be oppressive or burdensome,1
mode,how something is done or how it happens,1
distinction,a discrimination between things as different,1
inclined,at an angle to the horizontal or vertical position,1
attribute,a quality belonging to or characteristic of an entity,1
exert,make a great effort at a mental or physical task,1
oppress,come down on or keep down by unjust use of one's authority,1
contend,compete for something,1
stake,a strong wooden or metal post driven into the ground,1
toil,work hard,1
perish,pass from physical life,1
disposition,your usual mood,1
rail,complain bitterly,1
cardinal,one of a group of prominent bishops in the Sacred College,1
boast,talk about oneself with excessive pride or self-regard,1
advocate,"a person who pleads for a person, cause, or idea",1
bestow,present,1
device,an instrumentality invented for a particular purpose,1
allege,report or maintain,1
notwithstanding,despite anything to the contrary,1
lofty,of imposing height; especially standing out above others,1
multitude,a large indefinite number,1
steep,having a sharp inclination,1
heed,pay close attention to,1
modest,not large but sufficient in size or amount,1
partial,being or affecting only a segment,1
apt,naturally disposed toward,1
esteem,the condition of being honored,1
credible,appearing to merit belief or acceptance,1
provoke,provide the needed stimulus for,1
tread,a step in walking or running,1
ascertain,learn or discover with confidence,1
fare,"proceed, get along, or succeed",1
cede,relinquish possession or control over,1
perpetual,continuing forever or indefinitely,1
decree,a legally binding command or decision,1
contrive,make or work out a plan for; devise,1
derived,formed or developed from something else; not original,1
elaborate,marked by complexity and richness of detail,1
substantial,real; having a material or factual existence,1
frontier,a wilderness at the edge of a settled area of a country,1
facile,arrived at without due care or effort; lacking depth,1
cite,make reference to,1
warrant,show to be reasonable or provide adequate ground for,1
sob,weep convulsively,1
rider,a traveler who actively sits and travels on an animal,1
dense,permitting little if any light to pass through,1
afflict,cause physical pain or suffering in,1
flourish,grow vigorously,1
ordain,invest with ministerial or priestly authority,1
pious,having or showing or expressing reverence for a deity,1
vex,"disturb, especially by minor irritations",1
gravity,the force of attraction between all masses in the universe,1
suspended,supported or kept from sinking or falling by buoyancy,1
conspicuous,obvious to the eye or mind,1
retort,a quick reply to a question or remark,1
jet,an airplane powered by gas turbines,1
bolt,run away,1
assent,agree or express agreement,1
purse,a sum spoken of as the contents of a money container,1
plus,the arithmetic operation of summing,1
sanction,give authority or permission to,1
proceeding,a sequence of steps by which legal judgments are invoked,1
exalt,"praise, glorify, or honor",1
siege,an action of an armed force that surrounds a fortified place,1
malice,the desire to see others suffer,1
extravagant,recklessly wasteful,1
wax,increase in phase,1
throng,press tightly together or cram,1
venerate,regard with feelings of respect and reverence,1
assail,attack someone physically or emotionally,1
sublime,of high moral or intellectual value,1
exploit,draw from; make good use of,1
exertion,use of physical or mental energy; hard work,1
kindle,catch fire,1
endow,furnish with a capital fund,1
imposed,set forth authoritatively as obligatory,1
humiliate,cause to feel shame,1
suffrage,a legal right to vote,1
ensue,take place or happen afterward or as a result,1
brook,a natural stream of water smaller than a river,1
gale,a strong wind moving 34â€“40 knots,1
muse,reflect deeply on a subject,1
satire,witty language used to convey insults or scorn,1
intrigue,cause to be interested or curious,1
indication,something that serves to suggest,1
dispatch,send away towards a designated goal,1
cower,crouch or curl up,1
wont,an established custom,1
tract,a system of body parts that serves some specialized purpose,1
canon,a collection of books accepted as holy scripture,1
impel,cause to move forward with force,1
latitude,freedom from normal restraints in conduct,1
vacate,leave behind empty; move out of,1
undertaking,any piece of work that is attempted,1
slay,kill intentionally and with premeditation,1
predecessor,one who goes before you in time,1
delicacy,the quality of being exquisitely fine in appearance,1
forsake,leave someone who needs or counts on you; leave in the lurch,1
beseech,ask for or request earnestly,1
philosophical,relating to the investigation of existence and knowledge,1
grove,a small growth of trees without underbrush,1
frustrate,"hinder or prevent, as an effort, plan, or desire",1
illustrious,widely known and esteemed,1
pomp,cheap or pretentious or vain display,1
entreat,ask for or request earnestly,1
impart,"transmit, as knowledge or a skill",1
propriety,correct behavior,1
consecrate,render holy by means of religious rites,1
proceeds,the income or profit arising from a transaction,1
fathom,come to understand,1
objective,the goal intended to be attained,1
clad,wearing or provided with clothing,1
partisan,devoted to a cause or political group,1
faction,a dissenting clique,1
contrived,artificially formal,1
venerable,impressive by reason of age,1
restrained,not showy or obtrusive,1
besiege,"harass, as with questions or requests",1
manifestation,a clear appearance,1
rebuke,an act or expression of criticism and censure,1
insurgent,in opposition to a civil authority or government,1
rhetoric,using language effectively to please or persuade,1
scrupulous,having ethical or moral principles,1
ratify,"approve and express assent, responsibility, or obligation",1
stump,cause to be perplexed or confounded,1
discreet,marked by prudence or modesty and wise self-restraint,1
imposing,impressive in appearance,1
wistful,showing pensive sadness,1
mortify,cause to feel shame,1
ripple,stir up so as to form small waves,1
premise,a statement that is held to be true,1
subside,wear off or die down,1
adverse,contrary to your interests or welfare,1
caprice,a sudden desire,1
muster,"summon up, call forth, or bring together",1
comprehensive,broad in scope,1
accede,yield to another's wish or opinion,1
fervent,characterized by intense emotion,1
cohere,"cause to form a united, orderly, and consistent whole",1
tribunal,an assembly to conduct judicial business,1
austere,severely simple,1
recovering,returning to health after illness or debility,1
stratum,people having the same social or economic status,1
conscientious,characterized by extreme care and great effort,1
arbitrary,based on or subject to individual discretion or preference,1
exasperate,irritate,1
conjure,summon into action or bring into existence,1
ominous,threatening or foreshadowing evil or tragic developments,1
edifice,a structure that has a roof and walls,1
elude,"escape, either physically or mentally",1
pervade,spread or diffuse through,1
foster,promote the growth of,1
admonish,scold or reprimand; take to task,1
repeal,cancel officially,1
retiring,not arrogant or presuming,1
incidental,not of prime or central importance,2
acquiesce,agree or express agreement,2
slew,a large number or amount or extent,2
usurp,seize and take control without authority,2
sentinel,a person employed to keep watch for some anticipated event,2
precision,the quality of being exact,2
depose,force to leave an office,2
wanton,unprovoked or without motive or justification,2
odium,state of disgrace resulting from detestable behavior,2
precept,a rule of personal conduct,2
deference,a courteous expression of esteem or regard,2
fray,a noisy fight,2
candid,openly straightforward and direct without secretiveness,2
nominal,insignificantly small; a matter of form only,2
enduring,unceasing,2
impertinent,improperly forward or bold,2
bland,lacking stimulating characteristics; uninteresting,2
insinuate,suggest in an indirect or covert way; give to understand,2
suppliant,humbly entreating,2
languid,lacking spirit or liveliness,2
monetary,relating to or involving money,2
rave,praise enthusiastically,2
headlong,in a hasty and foolhardy manner,2
infallible,incapable of failure or error,2
coax,influence or persuade by gentle and persistent urging,2
explicate,"elaborate, as of theories and hypotheses",2
gaunt,very thin especially from disease or hunger or cold,2
morbid,suggesting the horror of death and decay,2
ranging,wandering freely,2
pacify,"ease the anger, agitation, or strong emotion of",2
pastoral,idyllically rustic,2
dogged,stubbornly unyielding,2
ebb,fall away or decline,2
aide,someone who acts as an assistant,2
appease,cause to be more favorably inclined; gain the good will of,2
stipulate,make an express demand or provision in an agreement,2
recourse,something or someone turned to for assistance or security,2
constrained,lacking spontaneity; not natural,2
bate,moderate or restrain; lessen the force of,2
aversion,a feeling of intense dislike,2
conceit,an artistic device or effect,2
loath,strongly opposed,2
rampart,an embankment built around a space for defensive purposes,2
extort,obtain by coercion or intimidation,2
tarry,leave slowly and hesitantly,2
perpetrate,"perform an act, usually with a negative connotation",2
decorum,propriety in manners and conduct,2
luxuriant,produced or growing in extreme abundance,2
cant,insincere talk about religion or morals,2
enjoin,give instructions to or direct somebody to do something,2
avarice,extreme greed for material wealth,2
edict,a formal or authoritative proclamation,2
disconcert,cause to lose one's composure,2
symmetry,balance among the parts of something,2
capitulate,surrender under agreed conditions,2
arbitrate,act between parties with a view to reconciling differences,2
cleave,"separate or cut with a tool, such as a sharp instrument",2
append,add to the very end,2
visage,the human face,2
horde,a moving crowd,2
chastise,scold or criticize severely,2
foil,"hinder or prevent, as an effort, plan, or desire",2
veritable,being truly so called; real or genuine,2
grapple,work hard to come to terms with or deal with something,2
gentry,the most powerful members of a society,2
pall,a sudden feeling of dread or gloominess,2
maxim,a saying that is widely accepted on its own merits,2
projection,a prediction made by extrapolating from past observations,2
prowess,a superior skill learned by study and practice,2
dingy,thickly covered with ingrained dirt or soot,2
semblance,the outward or apparent appearance or form of something,2
tout,advertise in strongly positive terms,2
fortitude,strength of mind that enables one to endure adversity,2
parable,a short moral story,2
asunder,into parts or pieces,2
rout,an overwhelming defeat,2
staid,characterized by dignity and propriety,2
beguile,influence by slyness,2
purport,have the often misleading appearance of being or intending,2
deprave,corrupt morally or by intemperance or sensuality,2
bequeath,"leave or give, especially by will after one's death",2
enigma,something that baffles understanding and cannot be explained,2
assiduous,marked by care and persistent effort,2
placate,cause to be more favorably inclined,2
vassal,a person who owes allegiance and service to a feudal lord,2
quail,"draw back, as with fear or pain",2
outskirts,"area relatively far from the center, as of a city or town",2
bulwark,a protective structure of stone or concrete,2
swerve,an erratic turn from an intended course,2
gird,prepare oneself for action or a confrontation,2
betrothed,pledged to be married,2
prospective,of or concerned with or related to the future,2
advert,make reference to,2
peremptory,not allowing contradiction or refusal,2
rudiment,the elementary stage of any subject,2
deduce,reason from the general to the particular,2
halting,"proceeding in a fragmentary, hesitant, or ineffective way",2
ignominy,a state of dishonor,2
ideology,an orientation that characterizes the thinking of a group,2
pallid,lacking in vitality or interest or effectiveness,2
chagrin,strong feelings of embarrassment,2
obtrude,thrust oneself in as if by force,2
audacious,disposed to venture or take risks,2
construe,make sense of; assign a meaning to,2
ford,cross a river where it's shallow,2
repast,the food served and eaten at one time,2
stint,an unbroken period of time during which you do something,2
fresco,a mural done with watercolors on wet plaster,2
dutiful,willingly obedient out of a sense of respect,2
hew,make or shape as with an axe,2
parity,functional equality,2
affable,diffusing warmth and friendliness,2
interminable,tiresomely long; seemingly without end,2
pillage,steal goods; take as spoils,2
foreboding,a feeling of evil to come,2
rend,tear or be torn violently,2
livelihood,the financial means whereby one supports oneself,2
deign,do something that one considers to be below one's dignity,2
capricious,determined by chance or impulse rather than by necessity,2
stupendous,"so great in size, force, or extent as to elicit awe",2
chaff,material consisting of seed coverings and pieces of stem,2
innate,not established by conditioning or learning,2
reverie,an abstracted state of absorption,2
wrangle,"quarrel noisily, angrily, or disruptively",2
crevice,a long narrow opening,2
ostensible,appearing as such but not necessarily so,2
craven,lacking even the rudiments of courage; abjectly fearful,2
vestige,an indication that something has been present,2
plumb,examine thoroughly and in great depth,2
reticent,not inclined to talk or provide information,2
propensity,an inclination to do something,2
chide,scold or reprimand severely or angrily,2
espouse,"choose and follow a theory, idea, policy, etc.",2
raiment,especially fine or decorative clothing,2
intrepid,invulnerable to fear or intimidation,2
seemly,according with custom or propriety,2
allay,lessen the intensity of or calm,2
fitful,occurring in spells and often abruptly,2
erode,become ground down or deteriorate,2
unaffected,free of artificiality; sincere and genuine,2
canto,a major division of a long poem,2
docile,easily handled or managed,2
patronize,treat condescendingly,2
teem,be full of or abuzz with,2
estrange,arouse hostility or indifference in,2
spat,a quarrel about petty points,2
warble,sing or play with trills,2
mien,"a person's appearance, manner, or demeanor",2
sate,fill to contentment,2
constituency,the body of voters who elect a representative for their area,2
patrician,characteristic of the nobility or aristocracy,2
parry,"avoid or try to avoid fulfilling, answering, or performing",2
practitioner,someone who carries out a learned profession,2
ravel,disentangle or separate out,2
infest,occupy in large numbers or live on a host,2
actuate,give an incentive for doing something,2
surly,unfriendly and inclined toward anger or irritation,2
convalesce,get over an illness or shock,2
demoralize,lower someone's spirits; make downhearted,2
devolve,grow worse,2
alacrity,liveliness and eagerness,2
waive,do without or cease to hold or adhere to,2
unwonted,out of the ordinary,2
seethe,be in an agitated emotional state,2
scrutinize,"look at critically or searchingly, or in minute detail",2
diffident,lacking self-confidence,2
execrate,curse or declare to be evil or anathema,2
implacable,incapable of being appeased or pacified,2
pique,a sudden outburst of anger,2
mite,a slight but appreciable amount,2
encumber,"hold back, impede, or weigh down",2
uncouth,lacking refinement or cultivation or taste,2
petulant,easily irritated or annoyed,2
expiate,make amends for,2
cavalier,showing a lack of concern or seriousness,2
banter,light teasing repartee,2
bluster,"act in an arrogant, overly self-assured, or conceited manner",2
debase,corrupt morally or by intemperance or sensuality,2
retainer,a person working in the service of another,2
subjugate,make subservient; force to submit or subdue,2
extol,"praise, glorify, or honor",2
fraught,filled with or attended with,2
august,profoundly honored,2
fissure,a long narrow depression in a surface,2
knoll,a small natural hill,2
callous,emotionally hardened,2
inculcate,teach and impress by frequent repetitions or admonitions,2
nettle,"disturb, especially by minor irritations",2
blanch,"turn pale, as if in fear",2
inscrutable,difficult or impossible to understand,2
tenacious,stubbornly unyielding,2
thrall,the state of being under the control of another person,2
exigency,a pressing or urgent situation,2
disconsolate,sad beyond comforting; incapable of being soothed,2
impetus,a force that makes something happen,2
imposition,an uncalled-for burden,2
auspices,kindly endorsement and guidance,2
sonorous,full and loud and deep,2
exploitation,an act that victimizes someone,2
bane,something causing misery or death,2
dint,force or effort,2
ignominious,deserving or bringing disgrace or shame,2
amicable,characterized by friendship and good will,2
onset,the beginning or early stages,2
conservatory,a schoolhouse with special facilities for fine arts,2
zenith,the highest point of something,2
voluble,marked by a ready flow of speech,2
yeoman,a free man who cultivates his own land,2
levity,a manner lacking seriousness,2
rapt,feeling great delight and interest,2
sultry,characterized by oppressive heat and humidity,2
pinion,restrain or bind,2
axiom,a proposition that is not susceptible of proof or disproof,2
descry,catch sight of,2
retinue,the group following and attending to some important person,2
functionary,a worker who holds or is invested with an office,2
imbibe,take in liquids,2
diversified,having variety of character or form or components,2
maraud,raid and rove in search of plunder,2
grudging,petty or reluctant in giving or spending,2
partiality,a predisposition to like something,2
philology,the humanistic study of language and literature,2
wry,humorously sarcastic or mocking,2
caucus,meet to select a candidate or promote a policy,2
permeate,spread or diffuse through,2
propitious,presenting favorable circumstances,2
salient,"conspicuous, prominent, or important",2
resonant,characterized by a loud deep sound,2
propitiate,make peace with,2
excise,remove by cutting,2
betoken,be a signal for or a symptom of,2
palatable,acceptable to the taste or mind,2
upbraid,express criticism towards,2
renegade,someone who rebels and becomes an outlaw,2
hoary,ancient,2
pedantic,marked by a narrow focus on or display of learning,2
coy,showing marked and often playful evasiveness or reluctance,2
troth,a solemn pledge of fidelity,2
encroachment,entry to another's property without right or permission,2
belie,be in contradiction with,2
armada,a large fleet,2
succor,assistance in time of difficulty,2
imperturbable,marked by extreme calm and composure,2
irresolute,uncertain how to act or proceed,2
knack,a special way of doing something,2
unseemly,not in keeping with accepted standards of what is proper,2
accentuate,stress or single out as important,2
divulge,make known to the public information previously kept secret,2
brawn,the trait of possessing muscular strength,2
burnish,polish and make shiny,3
palpitate,beat rapidly,3
promiscuous,not selective of a single class or person,3
dissemble,make believe with the intent to deceive,3
flotilla,a fleet of small craft,3
invective,abusive language used to express blame or censure,3
hermitage,the abode of a recluse,3
despoil,destroy and strip of its possession,3
sully,make dirty or spotty,3
malevolent,having or exerting a malignant influence,3
irksome,tedious or irritating,3
prattle,speak about unimportant matters rapidly and incessantly,3
subaltern,inferior in rank or status,3
welt,a raised mark on the skin,3
wreak,cause to happen or to occur as a consequence,3
tenable,based on sound reasoning or evidence,3
inimitable,matchless,3
depredation,a destructive action,3
amalgamate,bring or combine together or with something else,3
immutable,not subject or susceptible to change or variation,3
proxy,a person authorized to act for another,3
dote,shower with love; show excessive affection for,3
reactionary,extremely conservative or resistant to change,3
rationalism,the doctrine that reason is the basis for regulating conduct,3
endue,give qualities or abilities to,3
discriminating,showing or indicating careful judgment and discernment,3
brooch,a decorative pin,3
pert,characterized by a lightly saucy or impudent quality,3
disembark,"exit from a ship, vehicle, or aircraft",3
aria,an elaborate song for solo voice,3
trappings,ornaments; embellishments to or characteristic signs of,3
abet,"assist or encourage, usually in some wrongdoing",3
clandestine,conducted with or marked by hidden aims or methods,3
distend,swell from or as if from internal pressure,3
glib,having only superficial plausibility,3
pucker,gather something into small wrinkles or folds,3
rejoinder,a quick reply to a question or remark,3
spangle,adornment consisting of a small piece of shiny material,3
blighted,affected by something that prevents growth or prosperity,3
nicety,conformity with some standard of correctness or propriety,3
aggrieve,infringe on the rights of,3
vestment,a gown worn by the clergy,3
urbane,showing a high degree of refinement,3
defray,bear the expenses of,3
spectral,resembling or characteristic of a phantom,3
munificent,very generous,3
dictum,an authoritative declaration,3
fad,an interest followed with exaggerated zeal,3
scabbard,a sheath for a sword or dagger or bayonet,3
adulterate,make impure by adding a foreign or inferior substance,3
beleaguer,annoy persistently,3
gripe,complain,3
remission,an abatement in intensity or degree,3
exorbitant,greatly exceeding bounds of reason or moderation,3
invocation,the act of appealing for help,3
cajole,"influence or urge by gentle urging, caressing, or flattering",3
inclusive,encompassing much or everything,3
interdict,command against,3
abase,cause to feel shame,3
obviate,do away with,3
hurtle,move with or as if with a rushing sound,3
unanimity,everyone being of one mind,3
mettle,the courage to carry on,3
interpolate,"insert words into texts, often falsifying it thereby",3
surreptitious,marked by quiet and caution and secrecy,3
dissimulate,hide feelings from other people,3
ruse,"a deceptive maneuver, especially to avoid capture",3
specious,plausible but false,3
revulsion,intense aversion,3
hale,exhibiting or restored to vigorous good health,3
palliate,lessen or to try to lessen the seriousness or extent of,3
obtuse,lacking in insight or discernment,3
querulous,habitually complaining,3
vagary,an unexpected and inexplicable change in something,3
incipient,only partly in existence; imperfectly formed,3
obdurate,stubbornly persistent in wrongdoing,3
parochial,narrowly restricted in outlook or scope,3
grovel,show submission or fear,3
refractory,stubbornly resistant to authority or control,3
dregs,sediment that has settled at the bottom of a liquid,3
ascendancy,the state when one person or group has power over another,3
supercilious,having or showing arrogant disdain or haughtiness,3
pundit,someone who has been admitted to membership in a field,3
commiserate,feel or express sympathy or compassion,3
alcove,a small recess opening off a larger room,3
assay,make an effort or attempt,3
conjugal,relating to the relationship between a wife and husband,3
abjure,formally reject or disavow a formerly held belief,3
frieze,an ornament consisting of a horizontal sculptured band,3
cabal,a clique that seeks power usually through intrigue,3
ornate,marked by complexity and richness of detail,3
inflammatory,arousing to action or rebellion,3
machination,a crafty and involved plot to achieve your ends,3
mendicant,a pauper who lives by begging,3
meander,move or cause to move in a winding or curving course,3
bullion,gold or silver in bars or ingots,3
diffidence,lack of self-assurance,3
makeshift,done or made using whatever is available,3
husbandry,the practice of cultivating the land or raising stock,3
podium,a platform raised above the surrounding level,3
dearth,an insufficient quantity or number,3
granary,a storehouse for threshed grain or animal feed,3
whet,make keen or more acute,3
imposture,pretending to be another person,3
diadem,an ornamental jeweled headdress signifying sovereignty,3
fallow,undeveloped but potentially useful,3
hubbub,loud confused noise from many sources,3
dispassionate,unaffected by strong emotion or prejudice,3
harrowing,causing extreme distress,3
askance,with suspicion or disapproval,3
lancet,a surgical knife with a pointed double-edged blade,3
rankle,make resentful or angry,3
ramify,have or develop complicating consequences,3
gainsay,take exception to,3
polity,a governmentally organized unit,3
credence,the mental attitude that something is believable,3
indemnify,make amends for; pay compensation for,3
ingratiate,gain favor with somebody by deliberate efforts,3
declivity,a downward slope or bend,3
importunate,making persistent or urgent requests,3
passe,out of fashion,3
whittle,cut small bits or pare shavings from,3
repine,express discontent,3
flay,strip the skin off,3
larder,a small storeroom for storing foods or wines,3
threadbare,thin and tattered with age,3
grisly,shockingly repellent; inspiring horror,3
untoward,not in keeping with accepted standards of what is proper,3
idiosyncrasy,a behavioral attribute peculiar to an individual,3
quip,make jokes or witty remarks,3
blatant,without any attempt at concealment; completely obvious,3
stanch,stop the flow of a liquid,3
incongruity,the quality of disagreeing,3
perfidious,tending to betray,3
platitude,a trite or obvious remark,3
revelry,unrestrained merrymaking,3
delve,"turn up, loosen, or remove earth",3
extenuate,lessen or to try to lessen the seriousness or degree of,3
polemic,"a verbal or written attack, especially of a belief or dogma",3
enrapture,hold spellbound,3
virtuoso,someone who is dazzlingly skilled in any field,3
glower,look angry or sullen as if to signal disapproval,3
mundane,found in the ordinary course of events,3
fatuous,devoid of intelligence,3
incorrigible,impervious to correction by punishment,3
postulate,maintain or assert,3
gist,the central meaning or theme of a speech or literary work,3
vociferous,conspicuously and offensively loud,3
purvey,supply with provisions,3
baleful,deadly or sinister,3
gibe,laugh at with contempt and derision,3
dyspeptic,irritable as if suffering from indigestion,3
prude,a person excessively concerned about propriety and decorum,3
luminary,a celebrity who is an inspiration to others,3
amenable,disposed or willing to comply,3
willful,habitually disposed to disobedience and opposition,3
overbearing,having or showing arrogant superiority to,3
dais,a platform raised above the surrounding level,3
automate,operate or make run by machines rather than human action,3
enervate,"weaken physically, mentally, or morally",3
wheedle,"influence or urge by gentle urging, caressing, or flattering",3
gusto,vigorous and enthusiastic enjoyment,3
bouillon,a clear seasoned broth,3
omniscient,"knowing, seeing, or understanding everything",3
apostate,not faithful to religion or party or cause,3
carrion,the dead and rotting body of an animal; unfit for human food,3
emolument,compensation received by virtue of holding an office,3
ungainly,lacking grace in movement or posture,3
impiety,unrighteousness by virtue of lacking respect for a god,3
decadence,the state of being degenerate in mental or moral qualities,3
homily,a sermon on a moral or religious topic,3
avocation,an auxiliary activity,3
circumvent,"avoid or try to avoid fulfilling, answering, or performing",3
syllogism,reasoning in which a conclusion is derived from two premises,3
collation,assembling in proper numerical or logical sequence,3
haggle,"wrangle, as over a price or terms of an agreement",3
waylay,wait in hiding to attack,3
savant,a learned person,3
cohort,a group of people having approximately the same age,3
unction,excessive but superficial compliments with affected charm,3
adjure,command solemnly,3
acrimony,a rough and bitter manner,3
clarion,loud and clear,3
turbid,clouded as with sediment,3
cupidity,extreme greed for material wealth,3
disaffected,discontented as toward authority,3
preternatural,surpassing the ordinary or normal,3
eschew,avoid and stay away from deliberately,3
expatiate,"add details, as to an account or idea",3
didactic,"instructive, especially excessively",3
sinuous,curved or curving in and out,3
rancor,a feeling of deep and bitter anger and ill-will,3
puissant,powerful,3
homespun,characteristic of country life,3
embroil,force into some kind of situation or course of action,3
pathological,caused by or evidencing a mentally disturbed condition,3
libretto,the words of an opera or musical play,3
flail,thrash about,3
bandy,discuss lightly,3
gratis,costing nothing,3
upshot,a phenomenon that is caused by some previous phenomenon,3
aphorism,a short pithy instructive saying,3
redoubtable,worthy of respect or honor,3
corpulent,excessively fat,3
benighted,lacking enlightenment or knowledge or culture,3
sententious,abounding in or given to pompous or aphoristic moralizing,3
paraphernalia,equipment consisting of miscellaneous articles,3
vitiate,make imperfect,3
adulation,exaggerated flattery or praise,3
quaff,swallow hurriedly or greedily or in one draught,3
unassuming,not arrogant,3
libertine,a dissolute person,3
maul,injure badly,3
adage,a condensed but memorable saying embodying an important fact,3
expostulation,the act of expressing earnest opposition or protest,3
tawdry,tastelessly showy,3
trite,repeated too often; overfamiliar through overuse,3
hireling,a person who works only for money,3
ensconce,fix firmly,3
egregious,conspicuously and outrageously bad or reprehensible,3
cogent,powerfully persuasive,3
incisive,demonstrating ability to recognize or draw fine distinctions,3
errant,straying from the right course or from accepted standards,3
sedulous,marked by care and persistent effort,3
incandescent,"characterized by ardent emotion, intensity, or brilliance",3
derelict,in deplorable condition,3
entomology,the branch of zoology that studies insects,3
execrable,unequivocally detestable,3
sluice,pour as if from a conduit that carries a rapid flow of water,3
moot,"of no legal significance, as having been previously decided",3
evanescent,short-lived; tending to vanish or disappear,3
vat,a large open vessel for holding or storing liquids,3
dapper,marked by up-to-dateness in dress and manners,3
asperity,harshness of manner,3
flair,a natural talent,3
mote,a tiny piece of anything,3
circumspect,careful to consider potential consequences and avoid risk,3
inimical,tending to obstruct or cause harm,3
apropos,"of a suitable, fitting, or pertinent nature",3
gruel,a thin porridge,3
gentility,elegance by virtue of fineness of manner and expression,3
disapprobation,pronouncing as wrong or morally culpable,3
cameo,engraving or carving in low relief on a stone,3
gouge,swindle; obtain by coercion,3
oratorio,a musical composition for voices and orchestra,3
inclement,"severe, of weather",3
scintilla,a tiny or scarcely detectable amount,3
confluence,a flowing together,3
squalor,sordid dirtiness,3
stricture,severe criticism,3
emblazon,decorate with heraldic arms,3
augury,an event indicating important things to come,4
abut,lie adjacent to another or share a boundary,4
banal,repeated too often; overfamiliar through overuse,4
congeal,"solidify, thicken, or come together",4
pilfer,make off with belongings of others,4
malcontent,a person who is unsatisfied or disgusted,4
sublimate,direct energy or urges into useful activities,4
eugenic,causing improvement in the offspring produced,4
lineament,the characteristic parts of a person's face,4
firebrand,someone who deliberately foments trouble,4
fiasco,a complete failure or collapse,4
foolhardy,marked by defiant disregard for danger or consequences,4
retrench,tighten one's belt; use resources carefully,4
ulterior,lying beyond what is openly revealed or avowed,4
equable,not varying,4
inured,made tough by habitual exposure,4
invidious,containing or implying a slight or showing prejudice,4
unmitigated,not diminished or moderated in intensity or severity,4
concomitant,an event or situation that happens at the same time,4
cozen,cheat or trick,4
phlegmatic,showing little emotion,4
dormer,a gabled extension built out from a sloping roof,4
pontifical,denoting or governed by or relating to a bishop or bishops,4
disport,"occupy in an agreeable, entertaining or pleasant fashion",4
apologist,a person who argues to defend some policy or institution,4
abeyance,temporary cessation or suspension,4
enclave,an enclosed territory that is culturally distinct,4
improvident,not supplying something useful for the future,4
disquisition,an elaborate analytical or explanatory essay or discussion,4
categorical,not modified or restricted by reservations,4
redolent,serving to bring to mind,4
felicitous,exhibiting an agreeably appropriate manner or style,4
gusty,blowing in puffs or short intermittent blasts,4
natty,marked by up-to-dateness in dress and manners,4
pacifist,opposed to war,4
buxom,healthily plump and vigorous,4
heyday,the period of greatest prosperity or productivity,4
herculean,displaying superhuman strength or power,4
burgeon,grow and flourish,4
crone,"an ugly, evil-looking old woman",4
prognosticate,make a prediction about; tell in advance,4
lout,"an awkward, foolish person",4
simper,"smile in an insincere, unnatural, or coy way",4
iniquitous,characterized by injustice or wickedness,4
rile,"disturb, especially by minor irritations",4
sentient,endowed with feeling and unstructured consciousness,4
garish,tastelessly showy,4
readjustment,the act of correcting again,4
erstwhile,belonging to some prior time,4
aquiline,curved down like an eagle's beak,4
bilious,irritable as if suffering from indigestion,4
vilify,spread negative information about,4
nuance,a subtle difference in meaning or opinion or attitude,4
gawk,look with amazement,4
refectory,"a communal dining-hall, usually in a monastery",4
palatial,suitable for or like a large and stately residence,4
mincing,affectedly dainty or refined,4
trenchant,having keenness and forcefulness and penetration in thought,4
emboss,raise in a relief,4
proletarian,a member of the working class,4
careen,pitching dangerously to one side,4
debacle,a sound defeat,4
sycophant,a person who tries to please someone to gain an advantage,4
crabbed,annoyed and irritable,4
archetype,something that serves as a model,4
cryptic,of an obscure nature,4
penchant,a strong liking or preference,4
bauble,cheap showy jewelry or ornament,4
mountebank,a flamboyant deceiver,4
fawning,attempting to win favor by flattery,4
hummock,a small natural hill,4
apotheosis,model of excellence or perfection of a kind,4
discretionary,not earmarked; available for use as needed,4
pithy,concise and full of meaning,4
comport,behave in a certain manner,4
checkered,marked by changeable fortune,4
ambrosia,the food and drink of the gods,4
factious,dissenting with the majority opinion,4
disgorge,cause or allow to flow or run out or over,4
filch,make off with belongings of others,4
wraith,"a ghostly figure, especially one seen shortly before death",4
demonstrable,capable of being proved,4
pertinacious,stubbornly unyielding,4
emend,make corrections to,4
laggard,someone who takes more time than necessary,4
waffle,pause or hold back in uncertainty or unwillingness,4
loquacious,full of trivial conversation,4
venial,easily excused or forgiven,4
peon,a laborer who is obliged to do menial work,4
effulgence,the quality of being bright and sending out rays of light,4
lode,a deposit of valuable ore,4
fanfare,a gaudy outward display,4
dilettante,showing frivolous or superficial interest; amateurish,4
pusillanimous,"lacking in courage, strength, and resolution",4
ingrained,deeply rooted; firmly fixed or held,4
quagmire,a soft wet area of low-lying land that sinks underfoot,4
reprobation,severe disapproval,4
mannered,having unnatural behavioral attributes,4
squeamish,easily disturbed or disgusted by unpleasant things,4
proclivity,a natural inclination,4
miserly,characterized by or indicative of lack of generosity,4
vapid,lacking significance or liveliness or spirit or zest,4
mercurial,liable to sudden unpredictable change,4
perspicuous,transparently clear; easily understandable,4
nonplus,be a mystery or bewildering to,4
enamor,attract,4
hackneyed,repeated too often; overfamiliar through overuse,4
spate,a large number or amount or extent,4
pedagogue,someone who educates young people,4
acme,the highest level or degree attainable,4
masticate,bite and grind with the teeth,4
sinecure,a job that involves minimal duties,4
indite,produce a literary work,4
emetic,a medicine that induces nausea and vomiting,4
temporize,draw out a discussion or process in order to gain time,4
unimpeachable,beyond doubt or reproach,4
genesis,a coming into being,4
mordant,harshly ironic or sinister,4
smattering,a small number or amount,4
suavity,the quality of being charming and gracious in manner,4
stentorian,very loud or booming,4
junket,a trip taken by an official at public expense,4
appurtenance,a supplementary component that improves capability,4
nostrum,patent medicine whose efficacy is questionable,4
immure,"lock up or confine, in or as in a jail",4
astringent,acidic or bitter in taste or smell,4
unfaltering,marked by firm determination or resolution; not shakable,4
tutelage,attention and management implying responsibility for safety,4
testator,a person who makes a will,4
elysian,of such excellence as to suggest inspiration by the gods,4
fulminate,criticize severely,4
fractious,easily irritated or annoyed,4
pummel,"strike, usually with the fist",4
manumit,free from slavery or servitude,4
unexceptionable,completely acceptable; not open to reproach,4
triumvirate,a group of three people responsible for civil authority,4
sybarite,a person addicted to luxury and pleasures of the senses,4
jibe,"be compatible, similar, or consistent",4
magisterial,offensively self-assured or exercising unwarranted power,4
roseate,of something having a dusty purplish pink color,4
obloquy,"abusive, malicious, and condemnatory language",4
hoodwink,influence by slyness,4
striate,mark with stripes of contrasting color,4
arrogate,seize and take control without authority,4
rarefied,of high moral or intellectual value,4
chary,characterized by great caution,4
credo,any system of principles or beliefs,4
superannuated,too old to be useful,4
impolitic,"lacking tact, shrewdness, or prudence",4
aspersion,a disparaging remark,4
abysmal,exceptionally bad or displeasing,4
poignancy,"a quality that arouses emotions, especially pity or sorrow",4
stilted,artificially formal or stiff,4
effete,"excessively self-indulgent, affected, or decadent",4
provender,food for domestic livestock,4
endemic,of a disease constantly present in a particular locality,4
jocund,full of or showing high-spirited merriment,4
procedural,of or relating to processes,4
rakish,marked by a carefree unconventionality or disreputableness,4
skittish,"unpredictably excitable, especially of horses",4
peroration,a flowery and highly rhetorical address,4
nonentity,a person of no influence,4
abstemious,marked by temperance in indulgence,4
viscid,having the sticky properties of an adhesive,4
doggerel,a comic verse of irregular measure,4
sleight,adroitness in using the hands,4
rubric,category name,4
plenitude,a full supply,4
rebus,a puzzle consisting of pictures representing words,4
wizened,lean and wrinkled by shrinkage as from age or illness,4
whorl,a round shape formed by a series of concentric circles,4
fracas,a noisy quarrel,4
iconoclast,someone who attacks cherished ideas or institutions,4
saturnine,bitter or scornful,4
madrigal,an unaccompanied partsong for several voices,4
discursive,tending to cover a wide range of subjects,4
zealot,a fervent and even militant proponent of something,4
moribund,not growing or changing; without force or vitality,4
modicum,a small or moderate or token amount,4
connotation,an idea that is implied or suggested,4
adventitious,associated by chance and not an integral part,4
recondite,difficult to understand,4
zephyr,a slight wind,4
countermand,cancel officially,4
captious,tending to find and call attention to faults,4
cognate,having the same ancestral language,4
forebear,a person from whom you are descended,4
cadaverous,very thin especially from disease or hunger or cold,4
foist,force onto another,4
dotage,mental infirmity as a consequence of old age,4
nexus,a connected series or group,4
choleric,characterized by anger,4
garble,distort or make false by mutilation or addition,4
bucolic,idyllically rustic,4
denouement,the outcome of a complex sequence of events,4
animus,a feeling of ill will arousing active hostility,4
overweening,"unrestrained, especially with regard to feelings",4
tyro,someone new to a field or activity,4
preen,dress or groom with elaborate care,4
largesse,liberality in bestowing gifts,4
retentive,good at remembering,4
unconscionable,greatly exceeding bounds of reason or moderation,4
badinage,frivolous banter,4
insensate,devoid of feeling and consciousness and animation,4
sherbet,a frozen dessert made primarily of fruit juice and sugar,4
beatific,resembling or befitting an angel or saint,4
bemuse,cause to be confused emotionally,4
microcosm,a miniature model of something,4
factitious,not produced by natural forces; artificial or fake,4
gestate,develop in the mind; have the idea for,4
traduce,speak unfavorably about,4
sextant,an instrument for measuring angular distance,4
coiffure,the arrangement of the hair,4
malleable,easily influenced,4
rococo,having excessive asymmetrical ornamentation,4
fructify,become productive or fruitful,4
nihilist,someone who rejects all theories of morality,4
ellipsis,a mark indicating that words have been omitted,4
accolade,a tangible symbol signifying approval or distinction,4
codicil,a supplement to a will,4
roil,be agitated,4
grandiloquent,lofty in style,4
inconsequential,lacking worth or importance,4
effervescence,the property of giving off bubbles,4
stultify,deprive of strength or efficiency; make useless or worthless,4
tureen,large deep serving dish with a cover,4
pellucid,transparently clear; easily understandable,4
euphony,any pleasing and harmonious sounds,4
apocryphal,being of questionable authenticity,4
veracious,precisely accurate,4
pendulous,hanging loosely or bending downward,4
exegesis,an explanation or critical interpretation,4
effluvium,a foul-smelling outflow or vapor,4
apposite,being of striking appropriateness and pertinence,4
viscous,having the sticky properties of an adhesive,4
misanthrope,someone who dislikes people in general,4
vintner,someone who makes wine,4
halcyon,idyllically calm and peaceful; suggesting happy tranquility,4
anthropomorphic,suggesting human features for animals or inanimate things,4
turgid,ostentatiously lofty in style,4
malaise,a feeling of mild sickness or depression,4
polemical,of or involving dispute or controversy,4
gadfly,a persistently annoying person,4
atavism,a reappearance of an earlier characteristic,4
contusion,an injury in which the skin is not broken,4
parsimonious,excessively unwilling to spend,4
dulcet,pleasing to the ear,4
reprise,a repetition of a short musical passage,4
anodyne,capable of relieving pain,4
bemused,perplexed by many conflicting situations or statements,4
